School_id,Teacher_id,Teacher_number,State_teacher_id,Last_name,Middle_name,First_name,Teacher_email,Title,Username,Password
02M800,47,230186,751884748,Glover,L,Braeden,braeden_glover@example.net,Grade 9 English Teacher,braeden.glover,zieWaex5coe
02M800,48,830340,342984615,Hauck,J,Haylie,hauck.haylie@example.com,Grade 10 English Teacher,hauck.haylie,Coo0ooyahgh
02M800,49,699596,332211655,Trantow,C,Shanie,trantow.shanie@example.com,Grade 11 English Teacher,shanie.trantow,Hung2poh
02M800,50,473664,373656136,Doyle,V,Rupert,doyle.rupert@example.net,Grade 12 English Teacher,doyle_rupert,ooDungei8ah
02M800,51,171060,885849651,Lemke,J,Preston,preston.lemke@example.net,Grade 12 History Teacher,preston.lemke,caiteiL1ah
02M800,52,822376,686332330,Witting,O,Kelsie,witting_kelsie@example.net,Grade 11 History Teacher,witting.kelsie,aeNee6aiW
02M800,53,625918,993479246,Emard,C,Rickie,emard_rickie@example.com,Grade 10 History Teacher,emard_rickie,Tah6hiRaeph
02M800,54,911173,118324079,Block,L,Colton,block_colton@example.net,Grade 9 History Teacher,colton.block,meile5Taicei
02M800,55,969210,411344623,Mertz,T,Junius,mertz_junius@example.net,Grade 9 Physics Teacher,mertz.junius,Oiph4Chias
02M800,56,178155,435805615,Crooks,E,Garland,garland.crooks@example.org,Grade 10 Biology Teacher,crooks.garland,Quahph3ch
02M800,57,349644,824626812,Waelchi,F,Grant,grant_waelchi@example.net,Grade 11 Chemistry Teacher,waelchi_grant,ahS9thueth
02M800,58,673866,655095355,Jacobs,O,Letitia,letitia_jacobs@example.org,High School Spanish Teacher,letitia.jacobs,zuGae2iemoo
02M800,59,419054,705676537,Gorczany,A,Grover,grover.gorczany@example.org,High School French Teacher,gorczany.grover,xoo1Die9oh
02M800,60,953189,676244326,Christiansen,K,Grover,grover.christiansen@example.org,Grade 9 Algebra Teacher,christiansen_grover,cui5Equae1
02M800,61,311251,251356574,Bashirian,J,Cullen,bashirian.cullen@example.net,Grade 10 Geometry Teacher,cullen_bashirian,cheikoh1Ies
02M800,62,762405,472629888,Wolff,L,Cali,cali_wolff@example.net,Grade 11 Trigonometry Teacher,wolff.cali,Lohneth3osh
02M800,63,138841,763549596,Will,J,Roger,will_roger@example.net,Grade 12 Calculus Teacher,will_roger,ooT8aeke
02M800,64,984216,787040502,Rice,L,Dannie,rice.dannie@example.com,Grade 9 Physical Education Teacher,rice.dannie,thuY4IeMooph
02M800,67,749771,258969578,Corwin,K,Lacey,lacey_corwin@example.org,High School Technology Teacher,lacey.corwin,Ielo0euThu
02M800,71,916825,687192021,Roderick,M,Jonathan,jonathan.roderick@example.com,High School Media Arts Teacher,jonathan.roderick,hblfkajd83h
02M800,72,900381,982384102,Coulton,D,John,john.coulton@example.net,High School Music Teacher,coulton.john,posi924adA
02M800,75,847826,471959732,McCartney,H,Paula,paula_mccartney@example.org,High School Health and Physical Education Teacher,mccartney_paula,jf098fjdk2a
02M800,76,219349,670114396,Gadsby,X,Roger,gadsby.roger@example.com,High School Music Teacher,roger_gadsby,lkjgf8hasdofjh
02M800,77,532771,114182024,Plant,M,Robin,robin_plant@example.org,High School Arts Teacher,plant_robin,84dhhfsfgh
02M800,78,884763,231216944,Page,V,James,page.james@example.net,High School Arts Teacher,page.james,843r5hfsajfh
02M800,79,592128,598906015,Ray,K,Logan,ray.logan@example.net,High School Technology Teacher,ray_logan,u30rufjnasdf
02M800,81,474958,576976190,Ogden,Q,Steven,ogden_steven@example.net,High School Science Teacher,steven.ogden,ru3o8rusbf
02M800,82,962081,147556079,Washington,Y,James,washington_james@example.net,High School Science Teacher,james_washington,nvsjdfg83fh
02M800,86,595853,562443736,Greene,P,Brianna,brianna.greene@example.org,High School Guidance Counselor,brianna.greene,878fddh
02M800,87,148041,625224879,Vaux,A,Tracy,vaux_tracy@example.com,High School Guidance Counselor,vaux_tracy,09876dfgh
02M800,88,969161,198217594,Britcher,H,Elizabeth,elizabeth.britcher@example.net,High School Guidance Counselor,britcher_elizabeth,password1
02M800,89,565897,253746580,Isaacs,K,Josephine,josephine_isaacs@example.com,College Counselor,josephine.isaacs,rgrgj924
02M800,90,857472,507456369,Cummings,P,Jacklyn,jacklyn_cummings@example.org,Assistant Principal,cummings_jacklyn,fido
02M800,91,712084,966766837,Nagle,E,Morgan,nagle_morgan@example.com,Assistant Principal,morgan.nagle,48urjnslvdjbn0
02M800,92,499660,430107942,Pennyworth,B,Daniela,pennyworth.daniela@example.net,Literacy Coach,pennyworth.daniela,hfhglh345d
02M800,93,843713,383492024,Paucek,P,Meaghan,paucek_m@example.org,High School Drama Teacher,m_paucek,jhga8salgh
13K123,1,341754,830214260,Hahn,D,Haley,hahn_haley@example.com,Grade 1 Common Branch Teacher,haley.hahn,xooBee4um
13K123,2,796856,567785360,Harris,R,Evangeline,evangeline_harris@example.net,Grade 1 Common Branch Teacher,evangeline.harris,ieThes1ke
13K123,3,435202,232548425,Prosacco,K,Rhiannon,rhiannon_prosacco@example.org,Grade 1 Common Branch Teacher,rhiannon_prosacco,ievo9Eeg
13K123,4,424824,342982491,Daniel,E,Bertha,daniel.bertha@example.net,High School English Teacher,bertha_daniel,ohPhaeSa7
13K123,5,140530,471865326,Hammes,L,Columbus,columbus_hammes@example.net,Grade 2 Common Branch Teacher,hammes_columbus,Ve5aCh0j
13K123,6,492806,601313508,Jones,G,Anjali,jones.anjali@example.com,Grade 2 Common Branch Teacher,jones_anjali,wohr5vohH
13K123,7,842224,318621158,Jakubowski,K,Marty,jakubowski.marty@example.net,Grade 2 Common Branch Teacher,marty.jakubowski,eite0Phaep
13K123,8,440236,613625506,Doyle,S,Janae,janae.doyle@example.com,High School History Teacher,janae.doyle,ahVu5ush0
13K123,9,855606,122550264,Block,M,Santa,block.santa@example.org,Grade 3 Common Branch Teacher,santa_block,Aisew0eax
13K123,10,670963,735356441,Abernathy,D,Leatha,leatha.abernathy@example.org,Grade 3 Common Branch Teacher,abernathy.leatha,ohF6Gai1ai
13K123,11,539224,688477516,Spinka,R,Leo,spinka.leo@example.net,Grade 3 Common Branch Teacher,spinka_leo,Acoev0oow4
13K123,12,199518,403947516,Runte,V,Davin,runte_davin@example.org,High School Mathematics Teacher,davin_runte,Ap3aQuoh
13K123,13,211618,524997545,Mertz,P,Jana,jana_mertz@example.org,Grade 4 Common Branch Teacher,mertz.jana,Fairohb9
13K123,14,773264,967091586,Ruecker,H,Eloisa,ruecker_eloisa@example.org,Grade 4 Common Branch Teacher,eloisa.ruecker,Wood9Leach0
13K123,15,989838,547266762,Oberbrunner,E,Emma,emma_oberbrunner@example.net,Grade 4 Common Branch Teacher,oberbrunner_emma,je3aeh1shi6Oof
13K123,16,411848,127981819,Wyman,A,Regan,regan_wyman@example.net,High School Science Teacher,regan_wyman,chaeH4zee
13K123,17,738433,837793195,Bartoletti,M,Nya,bartoletti_nya@example.org,Grade 5 Common Branch Teacher,bartoletti.nya,ra3Oogaanei
13K123,18,399452,788255524,Walsh,K,Marley,walsh_marley@example.org,Grade 5 Common Branch Teacher,marley_walsh,aex5iSee
13K123,19,493218,302916754,Raynor,F,Daniela,raynor_daniela@example.net,Grade 5 Common Branch Teacher,daniela.raynor,quahse5Ch
13K123,20,671315,359394902,Kulas,S,Mallie,mallie_kulas@example.net,High School Science Teacher,kulas.mallie,Naith2Roh8i
13K123,22,380369,980962262,Conn,A,Samantha,conn.samantha@example.com,Grade 1 Special Education Teacher,samantha.conn,Oke5doog
13K123,23,233800,671541999,Kutch,C,Larry,larry_kutch@example.net,Grade 2 Special Education Teacher,kutch_larry,na9ahCei
13K123,24,176809,992880944,Dietrich,S,Addie,addie_dietrich@example.com,Grade 3 Special Education Teacher,addie_dietrich,tha7bo8ahR
13K123,25,147617,961391688,Nienow,E,Nathaniel,nienow_nathaniel@example.net,Grade 4 Special Education Teacher,nathaniel_nienow,sieZ4Egoh
13K123,26,744699,885930053,Armstrong,R,Lessie,lessie.armstrong@example.net,Grade 5 Special Education Teacher,lessie.armstrong,AhNaiZ1yovei
13K123,66,693443,770241119,Herman,A,Raina,herman.raina@example.net,Elementary Physical Education Teacher,raina_herman,Eexae9fae
13K123,68,356024,941065112,Willms,E,Howell,willms.howell@example.com,Kindergarten Teacher,willms.howell,ulea9Aeleep
13K123,69,256742,827269161,Schoen,C,Seth,seth_schoen@example.org,Kindergarten Teacher,schoen.seth,aiX0iayai
13K123,70,459202,731906910,Stark,R,Jessica,stark_jessica@example.net,Kindergarten Teacher,jessica.stark,EGhaingi4qu
27Q321,27,950043,314892976,Paucek,J,Raoul,raoul.paucek@example.net,Grade 6 Special Education Teacher,paucek.raoul,Zoh4Eighie
27Q321,28,349775,314526905,Wuckert,E,Elnora,elnora_wuckert@example.org,Grade 6 English Teacher,wuckert.elnora,pozeawe3Ph
27Q321,29,999016,195441853,Hand,F,Zella,zella.hand@example.com,Grade 7 English Teacher,hand_zella,Ohx1hieWah
27Q321,30,423681,180557865,Schneider,O,June,june.schneider@example.com,Grade 8 English Teacher,schneider_june,UC3zahv1z
27Q321,31,626129,974478718,Goldner,M,Brice,brice.goldner@example.com,Grade 6 Mathematics Teacher,goldner_brice,ji5Koos5xeo
27Q321,32,395642,548579594,Connelly,V,Sierra,connelly.sierra@example.net,Grade 7 Mathematics Teacher,connelly.sierra,cahGh1geeJ
27Q321,33,215041,693475960,Conn,K,Reuben,conn_reuben@example.net,Grade 8 Mathematics Teacher,reuben.conn,OMeitoo3v
27Q321,34,852070,473003887,Mohr,K,Philip,mohr.philip@example.net,Grade 6 Social Studies Teacher,mohr.philip,Rohjeeque6ae
27Q321,35,371325,841734587,Gleichner,P,Guido,gleichner.guido@example.com,Grade 7 Social Studies Teacher,guido_gleichner,Iew1eiquah
27Q321,36,828221,231982014,Daniel,J,Casandra,daniel.casandra@example.net,Grade 8 Social Studies Teacher,daniel_casandra,udeRi7Bahne
27Q321,37,666988,952226511,Wintheiser,H,Immanuel,wintheiser_immanuel@example.org,Grade 6 Mathematics Teacher,immanuel_wintheiser,ohHii9shei
27Q321,38,455902,853190182,Lubowitz,M,Assunta,assunta_lubowitz@example.net,Grade 7 Mathematics Teacher,assunta_lubowitz,ui1OoQuad
27Q321,39,731037,344141018,Purdy,S,Manuel,manuel.purdy@example.com,Grade 8 Mathematics Teacher,manuel_purdy,ae9IShie0im
27Q321,40,873862,706024960,Ankunding,H,Cydney,ankunding_cydney@example.com,Middle School Science Teacher,ankunding.cydney,moorei2Ie
27Q321,41,700424,490244776,Gleichner,M,Cora,cora.gleichner@example.org,Middle School Science Teacher,gleichner_cora,bah1Heuheeca
27Q321,42,973474,655471688,Doyle,B,Jonatan,jonatan_doyle@example.com,Middle School Spanish Teacher,jonatan_doyle,aeXaeBos8ie
27Q321,43,296077,115450228,Murray,J,Jewel,jewel.murray@example.net,Middle School Spanish Teacher,murray.jewel,eilia2Eiceem
27Q321,44,121129,802936472,Ortiz,L,Anya,ortiz_anya@example.com,Middle School Art Teacher,ortiz_anya,Vaeye8quo0z
27Q321,45,239446,963516253,Konopelski,H,Viva,viva_konopelski@example.com,Middle School Media Teacher,viva.konopelski,Ej0Phee7gee
27Q321,46,709102,662695840,Schultz,P,Thora,thora_schultz@example.com,Middle School Technology Teacher,thora_schultz,toh3YaeSh
27Q321,65,110912,793839480,Ritchie,B,Kaci,ritchie_kaci@example.org,Grade 6 Physical Education Teacher,ritchie_kaci,Eif6eephin3
27Q321,83,557191,137456747,Madison,U,Samantha,samantha_madison@example.net,Middle School Guidance Counselor,madison.samantha,efjhw20
27Q321,84,328889,552744848,Monroe,A,Rachel,rachel.monroe@example.net,Middle School Guidance Counselor,rachel.monroe,fajshgnv83d
27Q321,85,989342,281626757,Hudson,H,Kari,kari.hudson@example.net,Middle School Guidance Counselor,kari_hudson,dfafsbe5tw3
